<?xml version="1.0" encoding="utf-8"?>
<!--
/*
** Copyright 2012, Cyanogenmod
**
** Licensed under the Apache License, Version 2.0 (the "License");
** you may not use this file except in compliance with the License.
** You may obtain a copy of the License at
**
**     http://www.apache.org/licenses/LICENSE-2.0
**
** Unless required by applicable law or agreed to in writing, software
** distributed under the License is distributed on an "AS IS" BASIS,
** WITHOUT WARRANTIES OR CONDITIONS OF ANY KIND, either express or implied.
** See the License for the specific language governing permissions and
** limitations under the License.
*/
-->

<!-- use empty string to specify no proxy or port -->
<!-- This version must agree with that in apps/common/res/apns.xml -->
<apns version="7">
  <apn carrier="MobiPCS" mcc="310" mnc="00" apn="MobiPCS" user="@mobipcs.com" password="mobipcs" mmsc="http://mms.mobipcs.com" authtype="3" type="*" />
  <apn carrier="Cricket" mcc="310" mnc="16" apn="wap.mycricket.com" user="@mycricket.com" password="cricket" mmsc="http://mms.mycricket.com/servlets/mms" mmsproxy="" mmsport="" proxy="wap.mycricket.com" port="8080" authtype="2" type="*" />
  <apn carrier="Cellular South" mcc="310" mnc="023" apn="internet" mmsc="http://pix.cellularsouth.com/servlets/mms" authtype="3" port="" mmsport="" type="mms" />
  <apn carrier="MetroPCS" mcc="310" mnc="027" apn="wap.metropcs.net" user="MDN@mymetropcs.com" password="metropcs" server="http://mms.metropcs.net/servlets/mmsc" mmsc="http://mms.metropcs.net/mmsc" mmsport="3128" type="default,supl,mms" />
  <apn carrier="Virgin Mobile US" mcc="311" mnc="490" apn="0" mmsproxy="205.239.233.136" mmsport="81" mmsc="http://mmsc.vmobl.com:8088/mms?" port="" type="mms" />
  <apn carrier="Boost MMS" mcc="505" mnc="02" apn="mms" user="" password="" server="" proxy="61.88.190.10" port="8070" mmsc="http://mmsc.optus.com.au:8002/" mmsproxy="61.88.190.10" mmsport="8070" type="mms" authtype="3"/>
  <apn carrier="Boost Mobile" mcc="505" mnc="02" apn="yesinternet" user="" password="" server="" proxy="" port="" mmsc="" mmsproxy="" mmsport="" type="default,supl" authtype="3"/>

<!-- MetroPCS: LTE Apn  -->
  <apn carrier="MetroPCS DEFAULT" mcc="311" mnc="660" apn="internet.metropcs" user="" password="" type="default,hipri,admin,mms" authtype="0" mmsc="http://mms.metropcs.net:3128/mmsc" protocol="IP" roaming_protocol="IP" bearer="14" inactivity_timer="7080" />
  <apn carrier="MetroPCS IMS"  mcc="311" mnc="660" apn="ims.metropcs" user="" password="" type="ims" authtype="0" mmsc="http://mms.metropcs.net:3128/mmsc" protocol="IP" roaming_protocol="IP" bearer="14" inactivity_timer="7080" />
<!--  end MetroPCS: LTE Apn  -->

<!-- Sprint -->
  <!-- Sprint CDMA MMS: Use LTE/eHRPD mms apns to avoid LTE/eHRPD service conflicts. -->
  <!--<apn carrier="Sprint" mcc="310" mnc="120" apn="Sprint" user="Sprint" server="*" password="*" mmsc="http://mms.sprintpcs.com" authtype="3"/>-->

  <!-- Modify Apn database for Sprint LTE support -->
  <apn carrier="LTE - SPRINT test ISP" mcc="001" mnc="01" apn="n.ispsn" type="default,mms" mmsc="http://mms.sprintpcs.com" mmsproxy="68.28.31.7" mmsport="80" protocol="IP" roaming_protocol="IP" bearer="14" />
  <apn carrier="LTE - SPRINT test OTA" mcc="001" mnc="01" apn="otasn" type="fota" protocol="IPV4V6" roaming_protocol="IPV4V6" bearer="14" />
  <apn carrier="LTE - SPRINT test PAM" mcc="001" mnc="01" apn="pamsn" type="dun" protocol="IPV4V6" roaming_protocol="IPV4V6" bearer="14" />
  <apn carrier="LTE - SPRINT test ISP" mcc="001" mnc="010" apn="n.ispsn" type="default,mms" mmsc="http://mms.sprintpcs.com" mmsproxy="68.28.31.7" mmsport="80" protocol="IP" roaming_protocol="IP" bearer="14" />
  <apn carrier="LTE - SPRINT test OTA" mcc="001" mnc="010" apn="otasn" type="fota" protocol="IPV4V6" roaming_protocol="IPV4V6" bearer="14" />
  <apn carrier="LTE - SPRINT test PAM" mcc="001" mnc="010" apn="pamsn" type="dun" protocol="IPV4V6" roaming_protocol="IPV4V6" bearer="14" />
  <!-- END modify Apn database for Sprint LTE support -->

  <!-- Modify Apn database for Sprint EHRPD support -->
  <apn carrier="EHRPD - SPRINT test ISP" mcc="001" mnc="01" apn="n.ispsn" type="default,mms" mmsc="http://mms.sprintpcs.com" mmsproxy="68.28.31.7" mmsport="80" protocol="IP" roaming_protocol="IP" bearer="13" />
  <apn carrier="EHRPD - SPRINT test OTA" mcc="001" mnc="01" apn="otasn" type="fota" protocol="IPV4V6" roaming_protocol="IPV4V6" bearer="13" />
  <apn carrier="EHRPD - SPRINT test PAM" mcc="001" mnc="01" apn="pamsn" type="dun" protocol="IPV4V6" roaming_protocol="IPV4V6" bearer="13" />
  <apn carrier="EHRPD - SPRINT test ISP" mcc="001" mnc="010" apn="n.ispsn" type="default,mms" mmsc="http://mms.sprintpcs.com" mmsproxy="68.28.31.7" mmsport="80" protocol="IP" roaming_protocol="IP" bearer="13" />
  <apn carrier="EHRPD - SPRINT test OTA" mcc="001" mnc="010" apn="otasn" type="fota" protocol="IPV4V6" roaming_protocol="IPV4V6" bearer="13" />
  <apn carrier="EHRPD - SPRINT test PAM" mcc="001" mnc="010" apn="pamsn" type="dun" protocol="IPV4V6" roaming_protocol="IPV4V6" bearer="13" />
  <!-- END modify Apn database for Sprint EHRPD support -->

  <!-- Sprint LTE/eHRPD: These apns are added then programmatically removed in S3 LG8 build. -->
  <!--<apn carrier="LTE - SPRINT OTA" mcc="310" mnc="120" apn="otasn" type="fota" protocol="IPV4V6" roaming_protocol="IPV4V6" bearer="14" />-->
  <!--<apn carrier="EHRPD - SPRINT OTA" mcc="310" mnc="120" apn="otasn" type="fota" protocol="IPV4V6" roaming_protocol="IPV4V6" bearer="13" />-->

  <!-- Sprint LTE/eHRPD: Programmatically added in S3 LG8 build. -->
  <apn carrier="APN0 LTE ota" mcc="310" mnc="120" apn="otasn" type="fota" protocol="IPV4V6" roaming_protocol="IPV4V6" bearer="14" />
  <apn carrier="APN0 EHRPD ota" mcc="310" mnc="120" apn="otasn" type="fota" protocol="IPV4V6" roaming_protocol="IPV4V6" bearer="13" />
  <apn carrier="APN2 LTE internet" mcc="310" mnc="120" apn="n.ispsn" type="default,mms" mmsc="http://mms.sprintpcs.com" mmsproxy="68.28.31.7" mmsport="80" protocol="IP" roaming_protocol="IP" bearer="14" />
  <apn carrier="APN2 EHRPD internet" mcc="310" mnc="120" apn="n.ispsn" type="default,mms" mmsc="http://mms.sprintpcs.com" mmsproxy="68.28.31.7" mmsport="80" protocol="IP" roaming_protocol="IP" bearer="13" />
<!-- END Sprint -->

<!-- Verizon Wireless -->
  <!-- Modify Apn database for VZW CDMA MMS, internet, cbs, fota, and ims support -->
  <apn carrier="Verizon" mcc="310" mnc="004" apn="internet" type="default,mms,dun" mmsc="http://mms.vtext.com/servlets/mms" protocol="IP" />
  <apn carrier="Verizon Internet" mcc="310" mnc="004" apn="VZWINTERNET" type="default,dun" protocol="IP" roaming_protocol="IP" />
  <apn carrier="Verizon FOTA" mcc="310" mnc="004" apn="VZWADMIN" type="fota" protocol="IPV4V6" roaming_protocol="IPV4V6" />
  <apn carrier="Verizon IMS" mcc="310" mnc="004" apn="VZWIMS" type="ims" protocol="IPV4V6" roaming_protocol="IPV4V6" />
  <apn carrier="Verizon CBS" mcc="310" mnc="004" apn="VZWAPP" type="cbs,mms" mmsc="http://mms.vtext.com/servlets/mms" protocol="IPV4V6" roaming_protocol="IPV4V6" />

  <!-- Modify Apn database for VZW LTE support -->
  <apn carrier="LTE - Verizon Internet" mcc="311" mnc="480" apn="VZWINTERNET" type="default,dun" protocol="IP" roaming_protocol="IP" bearer="14" />
  <apn carrier="LTE - Verizon FOTA" mcc="311" mnc="480" apn="VZWADMIN" type="fota" protocol="IPV4V6" roaming_protocol="IPV4V6" bearer="14" />
  <apn carrier="LTE - Verizon IMS" mcc="311" mnc="480" apn="VZWIMS" type="ims" protocol="IPV4V6" roaming_protocol="IPV4V6" bearer="14" />
  <apn carrier="LTE - Verizon CBS" mcc="311" mnc="480" apn="VZWAPP" type="cbs,mms" mmsc="http://mms.vtext.com/servlets/mms" protocol="IPV4V6" roaming_protocol="IPV4V6" bearer="14" />
  <apn carrier="LTE - Verizon SUPL" mcc="311" mnc="480" apn="VZW800" type="supl" protocol="IPV4V6" bearer="14" />
  <apn carrier="LTE - VZW Roaming Internet" mcc="204" mnc="04" apn="VZWINTERNET" type="default,dun" protocol="IP" roaming_protocol="IP" bearer="14" />
  <apn carrier="LTE - VZW Roaming FOTA" mcc="204" mnc="04" apn="VZWADMIN" type="fota" protocol="IPV4V6" roaming_protocol="IPV4V6" bearer="14" />
  <apn carrier="LTE - VZW Roaming IMS" mcc="204" mnc="04" apn="VZWIMS" type="ims" protocol="IPV4V6" roaming_protocol="IPV4V6" bearer="14" />
  <apn carrier="LTE - VZW Roaming CBS" mcc="204" mnc="04" apn="VZWAPP" type="cbs,mms" mmsc="http://mms.vtext.com/servlets/mms" protocol="IPV4V6" roaming_protocol="IPV4V6" bearer="14" />
  <apn carrier="LTE - Test Internet" mcc="001" mnc="01" apn="VZWINTERNET" type="default,dun" protocol="IP" roaming_protocol="IP" bearer="14" />
  <apn carrier="LTE - Test FOTA" mcc="001" mnc="01" apn="VZWADMIN" type="fota" protocol="IPV4V6" roaming_protocol="IPV4V6" bearer="14" />
  <apn carrier="LTE - Test IMS" mcc="001" mnc="01" apn="VZWIMS" type="ims" protocol="IPV4V6" roaming_protocol="IPV4V6" bearer="14" />
  <apn carrier="LTE - Test CBS" mcc="001" mnc="01" apn="VZWAPP" type="cbs,mms" mmsc="http://mms.vtext.com/servlets/mms" protocol="IPV4V6" roaming_protocol="IPV4V6" bearer="14" />
  <apn carrier="LTE - VZW Test Internet" mcc="001" mnc="010" apn="VZWINTERNET" type="default,dun" protocol="IP" roaming_protocol="IP" bearer="14" />
  <apn carrier="LTE - VZW Test FOTA" mcc="001" mnc="010" apn="VZWADMIN" type="fota" protocol="IPV4V6" roaming_protocol="IPV4V6" bearer="14"  />
  <apn carrier="LTE - VZW Test IMS" mcc="001" mnc="010" apn="VZWIMS" type="ims" protocol="IPV4V6" roaming_protocol="IPV4V6" bearer="14" />
  <apn carrier="LTE - VZW Test CBS" mcc="001" mnc="010" apn="VZWAPP" type="cbs,mms" mmsc="http://mms.vtext.com/servlets/mms" protocol="IPV4V6" roaming_protocol="IPV4V6" bearer="14" />
  <apn carrier="LTE - VZW Test Internet" mcc="246" mnc="81" apn="VZWINTERNET" type="default,dun" protocol="IP" roaming_protocol="IP" bearer="14" />
  <apn carrier="LTE - VZW Test FOTA" mcc="246" mnc="81" apn="VZWADMIN" type="fota" protocol="IPV4V6" roaming_protocol="IPV4V6" bearer="14" />
  <apn carrier="LTE - VZW Test IMS" mcc="246" mnc="81" apn="VZWIMS" type="ims" protocol="IPV4V6" roaming_protocol="IPV4V6" bearer="14" />
  <apn carrier="LTE - VZW Test CBS" mcc="246" mnc="81" apn="VZWAPP" type="cbs,mms" mmsc="http://mms.vtext.com/servlets/mms" protocol="IPV4V6" roaming_protocol="IPV4V6" bearer="14" />
  <apn carrier="LTE - VZW Test Internet" mcc="246" mnc="081" apn="VZWINTERNET" type="default,dun" protocol="IP" roaming_protocol="IP" bearer="14" />
  <apn carrier="LTE - VZW Test FOTA" mcc="246" mnc="081" apn="VZWADMIN" type="fota" protocol="IPV4V6" roaming_protocol="IPV4V6" bearer="14" />
  <apn carrier="LTE - VZW Test IMS" mcc="246" mnc="081" apn="VZWIMS" type="ims" protocol="IPV4V6" roaming_protocol="IPV4V6" bearer="14" />
  <apn carrier="LTE - VZW Test CBS" mcc="246" mnc="081" apn="VZWAPP" type="cbs,mms" mmsc="http://mms.vtext.com/servlets/mms" protocol="IPV4V6" roaming_protocol="IPV4V6" bearer="14" />
  <!-- END modify Apn database for VZW LTE support -->

  <!-- Modify Apn database for VZW EHRPD support -->
  <apn carrier="EHRPD - Verizon Internet" mcc="311" mnc="480" apn="VZWINTERNET" type="default,dun" protocol="IP" roaming_protocol="IP" bearer="13"  />
  <apn carrier="EHRPD - Verizon FOTA"  mcc="311" mnc="480" apn="VZWADMIN" type="fota" protocol="IPV4V6" roaming_protocol="IPV4V6" bearer="13" />
  <apn carrier="EHRPD - Verizon IMS" mcc="311" mnc="480" apn="VZWIMS" type="ims" protocol="IPV4V6" roaming_protocol="IPV4V6" bearer="13" />
  <apn carrier="EHRPD - Verizon CBS" mcc="311" mnc="480" apn="VZWAPP" type="cbs,mms" mmsc="http://mms.vtext.com/servlets/mms" protocol="IPV4V6" roaming_protocol="IPV4V6" bearer="13" />
  <apn carrier="EHRPD - Verizon SUPL" mcc="311" mnc="480" apn="VZW800" type="supl" protocol="IPV4V6" bearer="13" />
  <apn carrier="EHRPD - VZW Roaming Internet" mcc="204" mnc="04" apn="VZWINTERNET" type="default,dun" protocol="IP" roaming_protocol="IP" bearer="13" />
  <apn carrier="EHRPD - VZW Roaming FOTA" mcc="204" mnc="04" apn="VZWADMIN" type="fota" protocol="IPV4V6" roaming_protocol="IPV4V6" bearer="13" />
  <apn carrier="EHRPD - VZW Roaming IMS" mcc="204" mnc="04" apn="VZWIMS" type="ims" protocol="IPV4V6" roaming_protocol="IPV4V6" bearer="13" />
  <apn carrier="EHRPD - VZW Roaming CBS" mcc="204" mnc="04" apn="VZWAPP" type="cbs,mms" mmsc="http://mms.vtext.com/servlets/mms" protocol="IPV4V6" roaming_protocol="IPV4V6" bearer="13" />
  <apn carrier="EHRPD - Test Internet" mcc="001" mnc="01" apn="VZWINTERNET" type="default,dun" protocol="IP" roaming_protocol="IP" bearer="13" />
  <apn carrier="EHRPD - Test FOTA" mcc="001" mnc="01" apn="VZWADMIN" type="fota" protocol="IPV4V6" roaming_protocol="IPV4V6" bearer="13"/>
  <apn carrier="EHRPD - Test IMS" mcc="001" mnc="01" apn="VZWIMS" type="ims" protocol="IPV4V6" roaming_protocol="IPV4V6" bearer="13" />
  <apn carrier="EHRPD - Test CBS" mcc="001" mnc="01" apn="VZWAPP" type="cbs,mms" mmsc="http://mms.vtext.com/servlets/mms" protocol="IPV4V6" roaming_protocol="IPV4V6" bearer="13" />
  <apn carrier="EHRPD - VZW Test Internet" mcc="001" mnc="010" apn="VZWINTERNET" type="default,dun" protocol="IP" roaming_protocol="IP" bearer="13" />
  <apn carrier="EHRPD - VZW Test FOTA" mcc="001" mnc="010" apn="VZWADMIN" type="fota" protocol="IPV4V6" roaming_protocol="IPV4V6" bearer="13" />
  <apn carrier="EHRPD - VZW Test IMS" mcc="001" mnc="010" apn="VZWIMS" type="ims" protocol="IPV4V6" roaming_protocol="IPV4V6" bearer="13" />
  <apn carrier="EHRPD - VZW Test CBS" mcc="001" mnc="010" apn="VZWAPP" type="cbs,mms" mmsc="http://mms.vtext.com/servlets/mms" protocol="IPV4V6" roaming_protocol="IPV4V6" bearer="13" />
  <apn carrier="EHRPD - VZW Test Internet" mcc="246" mnc="81" apn="VZWINTERNET" type="default,dun" protocol="IP" roaming_protocol="IP" bearer="13" />
  <apn carrier="EHRPD - VZW Test FOTA" mcc="246" mnc="81" apn="VZWADMIN" type="fota" protocol="IPV4V6" roaming_protocol="IPV4V6" bearer="13" />
  <apn carrier="EHRPD - VZW Test IMS" mcc="246" mnc="81" apn="VZWIMS" type="ims" protocol="IPV4V6" roaming_protocol="IPV4V6" bearer="13" />
  <apn carrier="EHRPD - VZW Test CBS" mcc="246" mnc="81" apn="VZWAPP" type="cbs,mms" mmsc="http://mms.vtext.com/servlets/mms" protocol="IPV4V6" roaming_protocol="IPV4V6" bearer="13" />
  <apn carrier="EHRPD - VZW Test Internet" mcc="246" mnc="081" apn="VZWINTERNET" type="default,dun" protocol="IP" roaming_protocol="IP" bearer="13" />
  <apn carrier="EHRPD - VZW Test FOTA" mcc="246" mnc="081" apn="VZWADMIN" type="fota" protocol="IPV4V6" roaming_protocol="IPV4V6" bearer="13" />
  <apn carrier="EHRPD - VZW Test IMS" mcc="246" mnc="081" apn="VZWIMS" type="ims" protocol="IPV4V6" roaming_protocol="IPV4V6" bearer="13" />
  <apn carrier="EHRPD - VZW Test CBS" mcc="246" mnc="081" apn="VZWAPP" type="cbs,mms" mmsc="http://mms.vtext.com/servlets/mms" protocol="IPV4V6" roaming_protocol="IPV4V6" bearer="13" />
  <!-- END modify Apn database for VZW EHRPD support -->
<!-- END Verizon Wireless -->

<!-- US Cellular -->
  <!-- Modify Apn database for USCC CDMA for MMS Support -->
  <apn carrier="USCC" mcc="311" mnc="220" apn="internet" mmsc="http://mmsc1.uscc.net/mmsc/MMS" authtype="3" port="80" mmsport="80" type="mms" />

  <!-- Modify Apn database for USCC LTE support -->
  <apn carrier="LTE - USCC INTERNET" mcc="311" mnc="580" apn="usccinternet" type="default,dun,mms,fota" mmsc="http://mmsc1.uscc.net/mmsc/MMS" protocol="IP" roaming_protocol="IP" bearer="14" />
  <apn carrier="LTE - USCC INTERNET 2" mcc="311" mnc="225" apn="usccinternet" type="default,dun,mms,fota" mmsc="http://mmsc1.uscc.net/mmsc/MMS" protocol="IP" roaming_protocol="IP" bearer="14" />
  <!-- END modify Apn database for USCC LTE support -->
<!-- END US Cellular -->

</apns>
